{
  "hr_mean": 84.98203985832427,
  "hr_std": 5.614812211901944,
  "hr_max": 94.72240968819814,
  "hr_min": 76.69345950052471,
  "hr_trend": -0.035786432444698195,
  "sbp_mean": 120.7150266451623,
  "sbp_std": 9.83512287082007,
  "sbp_min": 105.20468800233621,
  "dbp_mean": 60.72171784223485,
  "dbp_std": 5.231542249109283,
  "spo2_mean": 97.37821691657975,
  "spo2_min": 94.87556510281226,
  "spo2_trend": -0.03896434695440276,
  "temp_mean": 36.90307710688831,
  "temp_max": 37.26028441114232,
  "temp_trend": 0.01182086412287375,
  "resp_mean": 18.58265734108759,
  "resp_std": 2.7271298275642395,
  "resp_max": 23.427489648561394,
  "resp_min": 14.511206709670084,
  "resp_trend": 0.05263945924300852,
  "frac_missing_hr": 0.10047184137577259,
  "frac_missing_sbp": 0.16710126052146893,
  "frac_missing_dbp": 0.4843937489330515,
  "frac_missing_spo2": 0.1376597615555684,
  "frac_missing_temp": 0.6548558110644062,
  "frac_missing_resp": 0.11991825215084073,
  "hours_of_data": 10.097732895477813
}